Steuerbares Einkommen pro Person,BIP_SO,Personen
51.42,16764.66925,154909.0
52.8,16119.66708,156600.0
52.52,16640.00445,158106.0
52.8,16917.99754,160135.0
52.95,17011.32618,161570.0
53.11,17296.25571,163634.0
51.04,17571.80308,173118.0
51.08,17665.54196,175546.0
51.21,17665.91637,177298.0
54.45,17888.23339,170414.0
52.35,18369.42889,177548.0
